<application>
  <component name="FileTypeManager" version="17">
    <extensionMap>
      <mapping pattern="tetras_cubes" type="PLAIN_TEXT" />
      <mapping pattern="file24" type="PLAIN_TEXT" />
      <mapping pattern="file23" type="PLAIN_TEXT" />
      <mapping pattern="file22" type="PLAIN_TEXT" />
      <mapping pattern="file21" type="PLAIN_TEXT" />
      <mapping pattern="tetras_L" type="PLAIN_TEXT" />
      <mapping pattern="bad" type="PLAIN_TEXT" />
      <mapping pattern="file15" type="PLAIN_TEXT" />
      <mapping pattern="file14" type="PLAIN_TEXT" />
      <mapping pattern="file13" type="PLAIN_TEXT" />
      <mapping pattern="file12" type="PLAIN_TEXT" />
      <mapping pattern="file11" type="PLAIN_TEXT" />
      <mapping pattern="tetras_dima" type="PLAIN_TEXT" />
      <mapping pattern="tetras_sticks" type="PLAIN_TEXT" />
      <mapping pattern="file1" type="PLAIN_TEXT" />
      <mapping pattern="tetras_seq" type="PLAIN_TEXT" />
      <mapping pattern="tetras_2" type="PLAIN_TEXT" />
      <mapping pattern="tetras_Ls" type="PLAIN_TEXT" />
      <mapping pattern="tetras_Lm" type="PLAIN_TEXT" />
      <mapping pattern="test_ultra_dich" type="PLAIN_TEXT" />
      <mapping pattern="empty_strs" type="PLAIN_TEXT" />
      <mapping pattern="tetras_hard" type="PLAIN_TEXT" />
      <mapping pattern="palochki" type="PLAIN_TEXT" />
      <mapping pattern="tetras_Lm2" type="PLAIN_TEXT" />
      <mapping pattern="noenld" type="PLAIN_TEXT" />
      <mapping pattern="tetras_comboS" type="PLAIN_TEXT" />
      <mapping pattern="ttrs" type="PLAIN_TEXT" />
      <mapping pattern="tetras_uber" type="PLAIN_TEXT" />
      <mapping pattern="test_dich" type="PLAIN_TEXT" />
      <mapping pattern="tetras_aaa" type="PLAIN_TEXT" />
      <mapping pattern="tetras_combo" type="PLAIN_TEXT" />
      <mapping pattern="tetras_seq3" type="PLAIN_TEXT" />
      <mapping pattern="tetras_seq2" type="PLAIN_TEXT" />
    </extensionMap>
  </component>
</application>