<application>
  <component name="PropertiesComponent">
    <property name="ColorChooser.RecentColors" value="168-3-0-255,,,168-0-48-255,,,98-1-8-255,,,113-99-16-255,,,107-153-61-255" />
    <property name="CommitChangeListDialog.DETAILS_SPLITTER_PROPORTION_2" value="0.58305645" />
    <property name="CommitChangeListDialog.SPLITTER_PROPORTION_2" value="0.71029085" />
    <property name="Default.savedEditorTheme" value="_@user_Default" />
    <property name="ExpandBeforeRunStepsPanel" value="true" />
    <property name="ExpandRunDashboardTypesPanel" value="false" />
    <property name="FileTemplates.CurrentTab" value="Includes" />
    <property name="FileTemplates.SelectedTemplate" value="Test" />
    <property name="InstalledPluginsSearchHistory" value="hide" />
    <property name="SearchEveryWhereHistory" value="*&#10;pref" />
    <property name="SettingsSearchHistory" value="export&#10;valgrind&#10;template&#10;templates&#10;val" />
    <property name="TrendingPluginsSearchHistory" value="darkyen&#10;refe&#10;copyright&#10;c++&#10;View Project" />
    <property name="color.picker.is.hsb" value="true" />
    <property name="com.intellij.history.integration.ui.views.FileHistoryDialog.0" value="194" />
    <property name="com.intellij.history.integration.ui.views.FileHistoryDialog.1" value="800" />
    <property name="evlsprt.182" value="1675af40330" />
    <property name="evlsprt.183" value="167f64b1bee" />
    <property name="evlsprt2.182" value="1671c9bde19" />
    <property name="evlsprt2.183" value="1679da21038" />
    <property name="evlsprt3.182" value="19" />
    <property name="evlsprt3.183" value="18" />
    <property name="export.settings.path" value="$USER_HOME$/Desktop/settings.zip" />
    <property name="file.gist.reindex.count" value="1124" />
    <property name="fileTypeChangedCounter" value="26" />
    <property name="last.imported.location" value="$USER_HOME$/CLION/fillit" />
    <property name="lastTip" value="52" />
    <property name="plugins.preselection.path" value="$USER_HOME$/Desktop/eywek-CLion/42-header-plugin" />
    <property name="selected.color.option.type" value="OC.STRUCT_LIKE" />
    <property name="settings.code.style.selected.tab.CMake" value="Blank Lines" />
    <property name="settings.code.style.selected.tab.ObjectiveC" value="Code Generation" />
    <property name="ts.lib.d.ts.version" value="3.2.1" />
    <property name="vcs.history.diff.splitter.proportion" value="0.012728719" />
  </component>
  <component name="ValgrindSettings">
    <option name="analysisOptions" value="--leak-check=full --show-leak-kinds=all --dsymutil=yes --track-origins=yes --vgdb=no" />
    <option name="valgrindPath" value="$USER_HOME$/.brew/bin/valgrind" />
  </component>
</application>