<code_scheme name="Default" version="173">
  <option name="RIGHT_MARGIN" value="80" />
  <Objective-C>
    <option name="NAMESPACE_BRACE_PLACEMENT" value="2" />
    <option name="FUNCTION_BRACE_PLACEMENT" value="2" />
    <option name="BLOCK_BRACE_PLACEMENT" value="2" />
    <option name="FUNCTION_PARAMETERS_ALIGN_MULTILINE" value="false" />
    <option name="FUNCTION_CALL_ARGUMENTS_ALIGN_MULTILINE" value="false" />
    <option name="CLASS_CONSTRUCTOR_INIT_LIST_NEW_LINE_BEFORE_COLON" value="1" />
    <option name="SPACE_WITHIN_EMPTY_BRACES" value="true" />
    <option name="SPACE_AFTER_INIT_LIST_COLON" value="false" />
    <option name="SPACE_BEFORE_PROTOCOLS_BRACKETS" value="false" />
    <option name="SPACE_BEFORE_REFERENCE_IN_DECLARATION" value="false" />
    <option name="SPACE_AFTER_REFERENCE_IN_DECLARATION" value="true" />
  </Objective-C>
  <Objective-C-extensions>
    <extensions>
      <pair source="c" header="h" fileNamingConvention="NONE" />
      <pair source="cpp" header="h" fileNamingConvention="NONE" />
    </extensions>
  </Objective-C-extensions>
  <codeStyleSettings language="CMake">
    <indentOptions>
      <option name="USE_TAB_CHARACTER" value="true" />
    </indentOptions>
  </codeStyleSettings>
  <codeStyleSettings language="ObjectiveC">
    <option name="KEEP_BLANK_LINES_IN_DECLARATIONS" value="1" />
    <option name="KEEP_BLANK_LINES_IN_CODE" value="1" />
    <option name="BRACE_STYLE" value="2" />
    <option name="CLASS_BRACE_STYLE" value="2" />
    <option name="ELSE_ON_NEW_LINE" value="true" />
    <option name="WHILE_ON_NEW_LINE" value="true" />
    <option name="CATCH_ON_NEW_LINE" value="true" />
    <option name="INDENT_CASE_FROM_SWITCH" value="false" />
    <option name="ALIGN_MULTILINE_BINARY_OPERATION" value="false" />
    <option name="SPACE_AFTER_TYPE_CAST" value="false" />
    <option name="BINARY_OPERATION_SIGN_ON_NEXT_LINE" value="true" />
    <option name="FOR_STATEMENT_WRAP" value="5" />
    <indentOptions>
      <option name="USE_TAB_CHARACTER" value="true" />
    </indentOptions>
  </codeStyleSettings>
</code_scheme>